{
	"class_name" : "PinholeCameraParameters",
	"extrinsic" : 
	[
		0.61158492311525836,
		-0.75999461610357422,
		0.21993650290864497,
		0.0,
		-0.39875498234059226,
		-0.055993059687570318,
		0.91534651434600334,
		0.0,
		-0.68334350503729635,
		-0.64751290393350858,
		-0.33729615082733666,
		0.0,
		30.634359764126412,
		10.533073708268724,
		34.171474917090919,
		1.0
	],
	"intrinsic" : 
	{
		"height" : 1080,
		"intrinsic_matrix" : 
		[
			935.30743608719376,
			0.0,
			0.0,
			0.0,
			935.30743608719376,
			0.0,
			959.5,
			539.5,
			1.0
		],
		"width" : 1920
	},
	"version_major" : 1,
	"version_minor" : 0
}